名前,temp:作中用語とのリレーション（関連キャラ（出身地））,temp:作中用語とのリレーション（関連キャラ（出身家系））,temp:作中用語とのリレーション（関連キャラ（在籍中））,temp:作中用語とのリレーション（関連キャラ（種族））,temp:作中用語とのリレーション（関連キャラ（過去に所属））,その他設定,よみがな,サムネイル画像,ソウルラダー,フィルター用リレーション,一人称,二人称,人間関係（Aは）,人間関係（Bを）,付与特性,体重,使用魔術体系,別名,台詞例,好きなもの,嫌いなもの,家族構成,属性転換,年齢,得意なこと,性別,性格,愛,本名,来歴,概要,歴史,生体調律,画像資料,目,職業,苦手なこと,行使階梯,表現,誕生日,趣味,身長,魂の大きさ,魔力貯蔵,魔法体系
リリアーナ・クレール(主人公),ココン村 (%E4%BD%9C%E4%B8%AD%E7%94%A8%E8%AA%9E/%E3%82%B3%E3%82%B3%E3%83%B3%E6%9D%91%20724f09c847fe48ed8bd90b77a86b0c29.csv),クレール家 (%E4%BD%9C%E4%B8%AD%E7%94%A8%E8%AA%9E/%E3%82%AF%E3%83%AC%E3%83%BC%E3%83%AB%E5%AE%B6%20fbf69ec6d67642699de5e1201a5ea88d.csv),ローゼ＝フィアス魔術学園 (%E4%BD%9C%E4%B8%AD%E7%94%A8%E8%AA%9E/%E3%83%AD%E3%83%BC%E3%82%BC%EF%BC%9D%E3%83%95%E3%82%A3%E3%82%A2%E3%82%B9%E9%AD%94%E8%A1%93%E5%AD%A6%E5%9C%92%203cbb3cd6b61e490da5f9b36e88a3d845.csv),人間 (%E4%BD%9C%E4%B8%AD%E7%94%A8%E8%AA%9E/%E4%BA%BA%E9%96%93%20e11bd02e413948bf85370b6146a12af1.csv),,,りりあーな・くれーる,%E3%82%AD%E3%83%A3%E3%83%A9%E3%82%AF%E3%82%BF%E3%83%BC/%E3%83%AA%E3%83%AA%E3%82%A2%E3%83%BC%E3%83%8A%E3%83%BB%E3%82%AF%E3%83%AC%E3%83%BC%E3%83%AB(%E4%B8%BB%E4%BA%BA%E5%85%AC)/download20230805021530.png,SS,リリアーナ・クレール(主人公) (%E3%82%AD%E3%83%A3%E3%83%A9%E3%82%AF%E3%82%BF%E3%83%BC/%E3%83%AA%E3%83%AA%E3%82%A2%E3%83%BC%E3%83%8A%E3%83%BB%E3%82%AF%E3%83%AC%E3%83%BC%E3%83%AB(%E4%B8%BB%E4%BA%BA%E5%85%AC)%20ea7ae41fb9f84960bd1b7ef06d755a16.csv),私,"あなた, 君","ティリア先生 (%E4%BA%BA%E9%96%93%E9%96%A2%E4%BF%82/%E3%83%86%E3%82%A3%E3%83%AA%E3%82%A2%E5%85%88%E7%94%9F%201a872168eebb4bedaedf52101340edc5.csv), セリナちゃん (%E4%BA%BA%E9%96%93%E9%96%A2%E4%BF%82/%E3%82%BB%E3%83%AA%E3%83%8A%E3%81%A1%E3%82%83%E3%82%93%209d24d08020604f738f6a1bf1d2fc2a01.csv), フレア先輩 (%E4%BA%BA%E9%96%93%E9%96%A2%E4%BF%82/%E3%83%95%E3%83%AC%E3%82%A2%E5%85%88%E8%BC%A9%2091ae11d3b58a494390436eeb7cc9a135.csv)","無題 (https://app.notion.com/p/1fbe137d6102468c8301ae4ab7d9e51e?pvs=21), リリアちゃん (%E4%BA%BA%E9%96%93%E9%96%A2%E4%BF%82/%E3%83%AA%E3%83%AA%E3%82%A2%E3%81%A1%E3%82%83%E3%82%93%20f20c4c43356b4edea21cfc0a434e6819.csv), リリアーナ (%E4%BA%BA%E9%96%93%E9%96%A2%E4%BF%82/%E3%83%AA%E3%83%AA%E3%82%A2%E3%83%BC%E3%83%8A%20cc2b96e0392c474080e2a45057d8c2a2.csv), リリア (%E4%BA%BA%E9%96%93%E9%96%A2%E4%BF%82/%E3%83%AA%E3%83%AA%E3%82%A2%204efd5e4458974b8994055b5cb6ebde37.csv)","夢, 無",,,リリア,"「みんなも喜ぶ、私たちもお得、こんなの絶対やるしかないよ！！」
「でもそれって、あきらめる理由になってないよ？」
「私は絶対、あのキラキラを掴むんだ！！」",キラキラ、村のみんな、お母さんの手料理、あといろいろ,あまりない。しいて言うならどうしようもない悲しいこと,両親と暮らす一人っ子,B,,魔術、元気を出すこと、ガンガン前に進むこと,女,素直で実直な性格。なんでも真っ直ぐ進むしか能がないタイプ。絡め手よりパワー主義。座右の銘は『困ったらとりあえず進む』『大切なのは、知恵と勇気と努力、あとほんのちょっぴりの才能』,人々の生きる煌めき、その先を照らす光,リリアーナ・クレール,"悪竜が村に攻め込んだ事件をきっかけに魔術の道を志すことに。
その後、魔術学園に入学し、魔術師の卵として日々探求に励む。
世界で初めて、エーテルラインを超えた人間として界隈で有名になる。",,E,非常に健全で単純。複雑な魔力の出力は向いておらず、素材の味を生かすほうが向いている。,"無題 (https://app.notion.com/p/b43fb8dafb6a49d2863a56df54d8807c?pvs=21), 無題 (https://app.notion.com/p/3781e8eb39684727b81656ab32bd073f?pvs=21), 無題 (https://app.notion.com/p/a04bcfd0a2bc440fb8fa649752e9cf85?pvs=21), 無題 (https://app.notion.com/p/9ccce6124fc647dc866bba3d2b941536?pvs=21)",B,魔術師学生,難しいことを考えること、嘘をつくこと,零階,魔術、精神干渉,,魔術の研究、友達とお出かけ、ティリア先生探し,,A,SS,
ティリアシール・フリーマン,宙の外側 (%E4%BD%9C%E4%B8%AD%E7%94%A8%E8%AA%9E/%E5%AE%99%E3%81%AE%E5%A4%96%E5%81%B4%205404a827183e45019cad9df16ec3d912.csv),アークライト神族 (%E4%BD%9C%E4%B8%AD%E7%94%A8%E8%AA%9E/%E3%82%A2%E3%83%BC%E3%82%AF%E3%83%A9%E3%82%A4%E3%83%88%E7%A5%9E%E6%97%8F%203a7f6d3dc8ee4f24975b15b2b633d3fd.csv),ローゼ＝フィアス魔術学園 (%E4%BD%9C%E4%B8%AD%E7%94%A8%E8%AA%9E/%E3%83%AD%E3%83%BC%E3%82%BC%EF%BC%9D%E3%83%95%E3%82%A3%E3%82%A2%E3%82%B9%E9%AD%94%E8%A1%93%E5%AD%A6%E5%9C%92%203cbb3cd6b61e490da5f9b36e88a3d845.csv),人間 (%E4%BD%9C%E4%B8%AD%E7%94%A8%E8%AA%9E/%E4%BA%BA%E9%96%93%20e11bd02e413948bf85370b6146a12af1.csv),,,てぃりあしーる・ふりーまん,%E3%82%AD%E3%83%A3%E3%83%A9%E3%82%AF%E3%82%BF%E3%83%BC/%E3%83%86%E3%82%A3%E3%83%AA%E3%82%A2%E3%82%B7%E3%83%BC%E3%83%AB%E3%83%BB%E3%83%95%E3%83%AA%E3%83%BC%E3%83%9E%E3%83%B3/download20221104021602.png,SSS,"無題 (https://app.notion.com/p/c89497374af14659a39fda22062e3999?pvs=21), ティリアシール・フリーマン (%E3%82%AD%E3%83%A3%E3%83%A9%E3%82%AF%E3%82%BF%E3%83%BC/%E3%83%86%E3%82%A3%E3%83%AA%E3%82%A2%E3%82%B7%E3%83%BC%E3%83%AB%E3%83%BB%E3%83%95%E3%83%AA%E3%83%BC%E3%83%9E%E3%83%B3%20fe29b4a814694d4ba8dfc3e0ad1cfab2.csv)",私,あなた,"リリアちゃん (%E4%BA%BA%E9%96%93%E9%96%A2%E4%BF%82/%E3%83%AA%E3%83%AA%E3%82%A2%E3%81%A1%E3%82%83%E3%82%93%20f20c4c43356b4edea21cfc0a434e6819.csv), アリスちゃん (%E4%BA%BA%E9%96%93%E9%96%A2%E4%BF%82/%E3%82%A2%E3%83%AA%E3%82%B9%E3%81%A1%E3%82%83%E3%82%93%202905c72b02da4754ada8f79defa9342f.csv), セリナちゃん (%E4%BA%BA%E9%96%93%E9%96%A2%E4%BF%82/%E3%82%BB%E3%83%AA%E3%83%8A%E3%81%A1%E3%82%83%E3%82%93%20b5e63e0b7d6c4b22b719354b4e835590.csv), フレアちゃん (%E4%BA%BA%E9%96%93%E9%96%A2%E4%BF%82/%E3%83%95%E3%83%AC%E3%82%A2%E3%81%A1%E3%82%83%E3%82%93%20582d39fc35f9489193abb4c6f8dfd432.csv)","ティリア先生 (%E4%BA%BA%E9%96%93%E9%96%A2%E4%BF%82/%E3%83%86%E3%82%A3%E3%83%AA%E3%82%A2%E5%85%88%E7%94%9F%201a872168eebb4bedaedf52101340edc5.csv), ティリアシール (%E4%BA%BA%E9%96%93%E9%96%A2%E4%BF%82/%E3%83%86%E3%82%A3%E3%83%AA%E3%82%A2%E3%82%B7%E3%83%BC%E3%83%AB%208076fdad634d4b77ae5cc30c490c157a.csv), ティリア先生 (%E4%BA%BA%E9%96%93%E9%96%A2%E4%BF%82/%E3%83%86%E3%82%A3%E3%83%AA%E3%82%A2%E5%85%88%E7%94%9F%20e941abf86b34448d89e070a0333e11f5.csv), 学園長 (%E4%BA%BA%E9%96%93%E9%96%A2%E4%BF%82/%E5%AD%A6%E5%9C%92%E9%95%B7%20ce6d4aa5fbd54de88c27820d0cf50431.csv)",,64,,神殺しの魔術師　魔女　無幻の魔女　叙説の魔女,"「私はほめてもらえるのはすっごく大好きなので」
「大丈夫ですよ。あなたならできます。大丈夫、自分と、私を信じて」
「大切なのはその理想を追い続ける事ですから……」",人間、特に頑張っている人間。家族、特に夫。お姉様達。師匠。,人間を害するもの。自分の大事なものを害するもの。自分自身。,夫、息子、娘の3人,EX,,ほとんど全ての事,女,"調子乗りでお転婆、頭ゆるふわのお花畑というのは外面の話。
実際のところは思慮深く、自罰的で責任感の強い人間。",幻想と虚無を調停し、虚無をも人間の幻想一部として同列に捉えられるようにすること。アルへの愛。,ティリアシール・フリーマン,,,EX,深遠にして究極の調律。あらゆる魔力制御に長けており、ここまでくれば己の生体調律のみであらゆる魔術を構築可能。,"無題 (https://app.notion.com/p/b43fb8dafb6a49d2863a56df54d8807c?pvs=21), 無題 (https://app.notion.com/p/3781e8eb39684727b81656ab32bd073f?pvs=21), 無題 (https://app.notion.com/p/a04bcfd0a2bc440fb8fa649752e9cf85?pvs=21), 無題 (https://app.notion.com/p/9ccce6124fc647dc866bba3d2b941536?pvs=21)",EX,魔術師、顧問魔術師、学園長,人間の気持ちに共感すること,無限高階,論理構造,,家事、家族と過ごすこと、人助け、人間鑑賞、全身全霊をぶつけ合う戦い、魔術研究,167,EX,SSS,"魔法：無幻 (%E4%BD%9C%E4%B8%AD%E7%94%A8%E8%AA%9E/%E9%AD%94%E6%B3%95%EF%BC%9A%E7%84%A1%E5%B9%BB%204d311936b85e4e7ca06e4a15651bd25f.csv), 魔法：叙説 (%E4%BD%9C%E4%B8%AD%E7%94%A8%E8%AA%9E/%E9%AD%94%E6%B3%95%EF%BC%9A%E5%8F%99%E8%AA%AC%202a582bce60444ddfa44e0c2f082ef218.csv)"
アリス・アグラニオケ・セイファート,宙の外側 (%E4%BD%9C%E4%B8%AD%E7%94%A8%E8%AA%9E/%E5%AE%99%E3%81%AE%E5%A4%96%E5%81%B4%205404a827183e45019cad9df16ec3d912.csv),アグラニオケ一族 (%E4%BD%9C%E4%B8%AD%E7%94%A8%E8%AA%9E/%E3%82%A2%E3%82%B0%E3%83%A9%E3%83%8B%E3%82%AA%E3%82%B1%E4%B8%80%E6%97%8F%205ef6d6f6adee4002874fd60556b8aef7.csv),,人間 (%E4%BD%9C%E4%B8%AD%E7%94%A8%E8%AA%9E/%E4%BA%BA%E9%96%93%20e11bd02e413948bf85370b6146a12af1.csv),,,ありす・あぐらにおけ・せいふぁーと,,B,アリス・アグラニオケ・セイファート (%E3%82%AD%E3%83%A3%E3%83%A9%E3%82%AF%E3%82%BF%E3%83%BC/%E3%82%A2%E3%83%AA%E3%82%B9%E3%83%BB%E3%82%A2%E3%82%B0%E3%83%A9%E3%83%8B%E3%82%AA%E3%82%B1%E3%83%BB%E3%82%BB%E3%82%A4%E3%83%95%E3%82%A1%E3%83%BC%E3%83%88%200d8f91cc82dc4b86b4d4ec2813790545.csv),"わたし, アリス, 妾, 私","あなた, あんた, キミ, 貴様","ティリアシール (%E4%BA%BA%E9%96%93%E9%96%A2%E4%BF%82/%E3%83%86%E3%82%A3%E3%83%AA%E3%82%A2%E3%82%B7%E3%83%BC%E3%83%AB%208076fdad634d4b77ae5cc30c490c157a.csv), スピーゲルの末子 (%E4%BA%BA%E9%96%93%E9%96%A2%E4%BF%82/%E3%82%B9%E3%83%94%E3%83%BC%E3%82%B2%E3%83%AB%E3%81%AE%E6%9C%AB%E5%AD%90%207b80affa08864b078c39894fd28be433.csv)","アリスちゃん (%E4%BA%BA%E9%96%93%E9%96%A2%E4%BF%82/%E3%82%A2%E3%83%AA%E3%82%B9%E3%81%A1%E3%82%83%E3%82%93%202905c72b02da4754ada8f79defa9342f.csv), アリス叔母様 (%E4%BA%BA%E9%96%93%E9%96%A2%E4%BF%82/%E3%82%A2%E3%83%AA%E3%82%B9%E5%8F%94%E6%AF%8D%E6%A7%98%205c075b279e8346ecba28bf4a8dd37c92.csv)","乾, 冷, 湿, 熱",,天体魔術 (%E4%BD%9C%E4%B8%AD%E7%94%A8%E8%AA%9E/%E5%A4%A9%E4%BD%93%E9%AD%94%E8%A1%93%2075b28991267f46ebb89b2877c5e5a801.csv),神殺しの魔術師　魔女　昇華の魔女,"「それなーに？アリスに教えて教えて」
「べつにあんたに期待してない、早くどこか行って」
「ならば、話はここで終わりだ。そしてお前の命脈もここで潰える」
「クッキーを焼いてみました、皆さん、お茶の時間にしてはどうでしょう？」",夫,人間、ティリア,夫一人,SS,,魔術　占星術　天体魔術,女,"ロリアリス：前向きで元気いっぱい。好奇心旺盛。
若アリス：ツンデレ、本音を素直に言えない。
女帝アリス：冷酷で合理的、余裕ある大人の態度。
姫アリス：上三つが混ざった姿。大人びているが、擦れてはおらず、思いやりがあり気配り上手。少しずるいところも。",世界を睨み、その全てをわが物にせんとする眼差し。,アリス・アグラニオケ・セイファート,,,D,精緻かつ深長な調律。これ以上を望むことができないレベルの調律であり、何不自由なく魔術の行使が可能。,,A,魔術師、顧問魔術師,失敗すること、他人を頼ったり信頼すること,無限高階,階梯の上昇,,魔術研究　滅亡予測　占い,,B,SS,"魔法：昇華 (%E4%BD%9C%E4%B8%AD%E7%94%A8%E8%AA%9E/%E9%AD%94%E6%B3%95%EF%BC%9A%E6%98%87%E8%8F%AF%20238767299a1d4b6b827b0b534302c631.csv), 魔法：踏破 (%E4%BD%9C%E4%B8%AD%E7%94%A8%E8%AA%9E/%E9%AD%94%E6%B3%95%EF%BC%9A%E8%B8%8F%E7%A0%B4%20227a37156888449baa3fff956c697074.csv)"
セリナ・アグラニオケ・スピーゲル,レスカローネ (%E4%BD%9C%E4%B8%AD%E7%94%A8%E8%AA%9E/%E3%83%AC%E3%82%B9%E3%82%AB%E3%83%AD%E3%83%BC%E3%83%8D%209ab40d932b4c429f9d5661a1b95ca6d1.csv),アグラニオケ一族 (%E4%BD%9C%E4%B8%AD%E7%94%A8%E8%AA%9E/%E3%82%A2%E3%82%B0%E3%83%A9%E3%83%8B%E3%82%AA%E3%82%B1%E4%B8%80%E6%97%8F%205ef6d6f6adee4002874fd60556b8aef7.csv),ローゼ＝フィアス魔術学園 (%E4%BD%9C%E4%B8%AD%E7%94%A8%E8%AA%9E/%E3%83%AD%E3%83%BC%E3%82%BC%EF%BC%9D%E3%83%95%E3%82%A3%E3%82%A2%E3%82%B9%E9%AD%94%E8%A1%93%E5%AD%A6%E5%9C%92%203cbb3cd6b61e490da5f9b36e88a3d845.csv),人間 (%E4%BD%9C%E4%B8%AD%E7%94%A8%E8%AA%9E/%E4%BA%BA%E9%96%93%20e11bd02e413948bf85370b6146a12af1.csv),,,せりな・あぐらにおけ・すぴーげる,%E3%82%AD%E3%83%A3%E3%83%A9%E3%82%AF%E3%82%BF%E3%83%BC/%E3%82%BB%E3%83%AA%E3%83%8A%E3%83%BB%E3%82%A2%E3%82%B0%E3%83%A9%E3%83%8B%E3%82%AA%E3%82%B1%E3%83%BB%E3%82%B9%E3%83%94%E3%83%BC%E3%82%B2%E3%83%AB/download20230806111059.png,D,"無題 (https://app.notion.com/p/c89497374af14659a39fda22062e3999?pvs=21), セリナ・アグラニオケ・スピーゲル (%E3%82%AD%E3%83%A3%E3%83%A9%E3%82%AF%E3%82%BF%E3%83%BC/%E3%82%BB%E3%83%AA%E3%83%8A%E3%83%BB%E3%82%A2%E3%82%B0%E3%83%A9%E3%83%8B%E3%82%AA%E3%82%B1%E3%83%BB%E3%82%B9%E3%83%94%E3%83%BC%E3%82%B2%E3%83%AB%20cceee9df12b749c7be0c0896bef376d5.csv)",私(わたくし),貴方,"リリアーナ (%E4%BA%BA%E9%96%93%E9%96%A2%E4%BF%82/%E3%83%AA%E3%83%AA%E3%82%A2%E3%83%BC%E3%83%8A%20cc2b96e0392c474080e2a45057d8c2a2.csv), ティリア先生 (%E4%BA%BA%E9%96%93%E9%96%A2%E4%BF%82/%E3%83%86%E3%82%A3%E3%83%AA%E3%82%A2%E5%85%88%E7%94%9F%20e941abf86b34448d89e070a0333e11f5.csv), アリス叔母様 (%E4%BA%BA%E9%96%93%E9%96%A2%E4%BF%82/%E3%82%A2%E3%83%AA%E3%82%B9%E5%8F%94%E6%AF%8D%E6%A7%98%205c075b279e8346ecba28bf4a8dd37c92.csv), フレア先輩 (%E4%BA%BA%E9%96%93%E9%96%A2%E4%BF%82/%E3%83%95%E3%83%AC%E3%82%A2%E5%85%88%E8%BC%A9%20fb6c4626e2244e0f85046f50cce02d90.csv)","無題 (https://app.notion.com/p/1fbe137d6102468c8301ae4ab7d9e51e?pvs=21), セリナちゃん (%E4%BA%BA%E9%96%93%E9%96%A2%E4%BF%82/%E3%82%BB%E3%83%AA%E3%83%8A%E3%81%A1%E3%82%83%E3%82%93%209d24d08020604f738f6a1bf1d2fc2a01.csv), セリナちゃん (%E4%BA%BA%E9%96%93%E9%96%A2%E4%BF%82/%E3%82%BB%E3%83%AA%E3%83%8A%E3%81%A1%E3%82%83%E3%82%93%20b5e63e0b7d6c4b22b719354b4e835590.csv), スピーゲルの末子 (%E4%BA%BA%E9%96%93%E9%96%A2%E4%BF%82/%E3%82%B9%E3%83%94%E3%83%BC%E3%82%B2%E3%83%AB%E3%81%AE%E6%9C%AB%E5%AD%90%207b80affa08864b078c39894fd28be433.csv), セリナ嬢 (%E4%BA%BA%E9%96%93%E9%96%A2%E4%BF%82/%E3%82%BB%E3%83%AA%E3%83%8A%E5%AC%A2%208ced0043245b48ec9209b9c34215cf86.csv)","乾, 冷, 湿, 熱",54,,五大制圧者(ファイブ・コンクェラー),"「私、付き合う相手は選ぶことにしているの。そんな卑俗な身で近づかないでくださる？」
「本当は私だってみんなと仲良くしてみたいです！！」
「一度食べてみたかったの惣菜パン！うーん、最高です！！」",自己研鑽、美しいもの、複雑かつ調和のとれたもの、大衆向けの親しみやすいもの、家族,"大衆文化を一方的に嫌うこと。
スピーゲルの名前を侮辱すること。
悪徳。",両親、祖父、兄、姉、自分,S,,高速詠唱、エーテル構成、バランスを取ること,女,"真面目で努力家。
良家の娘として品格と体裁を気にするあまり、高飛車な態度をとってしまう。
しかし、素は他人を見下すような性格ではなく、自己評価が低い自分に厳しい女の子。",,セリナ・アグラニオケ・スピーゲル,,,E,対称的かつエレガントで調和的。緻密な調整やバランスの取れた配合が得意。逆に特殊だったり奇抜だったりする魔力行使は苦手。,"無題 (https://app.notion.com/p/b43fb8dafb6a49d2863a56df54d8807c?pvs=21), 無題 (https://app.notion.com/p/3781e8eb39684727b81656ab32bd073f?pvs=21), 無題 (https://app.notion.com/p/a04bcfd0a2bc440fb8fa649752e9cf85?pvs=21), 無題 (https://app.notion.com/p/9ccce6124fc647dc866bba3d2b941536?pvs=21)",E,魔術師学生,均衡を崩す事、冒険をすること,,,,アフタヌーンティー、演劇鑑賞、庶民の食べ物を隠れて買い食いすること。,161,D,C,
フレア・クライヴ,ポートリーバス (%E4%BD%9C%E4%B8%AD%E7%94%A8%E8%AA%9E/%E3%83%9D%E3%83%BC%E3%83%88%E3%83%AA%E3%83%BC%E3%83%90%E3%82%B9%20ffcae18f8691489dbb898ec65e636105.csv),ガルドレア家 (%E4%BD%9C%E4%B8%AD%E7%94%A8%E8%AA%9E/%E3%82%AC%E3%83%AB%E3%83%89%E3%83%AC%E3%82%A2%E5%AE%B6%2096730fee84684325b53cfe57c1fa4acf.csv),ローゼ＝フィアス魔術学園 (%E4%BD%9C%E4%B8%AD%E7%94%A8%E8%AA%9E/%E3%83%AD%E3%83%BC%E3%82%BC%EF%BC%9D%E3%83%95%E3%82%A3%E3%82%A2%E3%82%B9%E9%AD%94%E8%A1%93%E5%AD%A6%E5%9C%92%203cbb3cd6b61e490da5f9b36e88a3d845.csv),ハーフエルフ (%E4%BD%9C%E4%B8%AD%E7%94%A8%E8%AA%9E/%E3%83%8F%E3%83%BC%E3%83%95%E3%82%A8%E3%83%AB%E3%83%95%20004b1b4023aa466b8630dc7c41f9f2b0.csv),,,ふれあ・がるどれあ,%E3%82%AD%E3%83%A3%E3%83%A9%E3%82%AF%E3%82%BF%E3%83%BC/%E3%83%95%E3%83%AC%E3%82%A2%E3%83%BB%E3%82%AF%E3%83%A9%E3%82%A4%E3%83%B4/407340_J7ERMadT.png,C,"無題 (https://app.notion.com/p/c89497374af14659a39fda22062e3999?pvs=21), フレア・クライヴ (%E3%82%AD%E3%83%A3%E3%83%A9%E3%82%AF%E3%82%BF%E3%83%BC/%E3%83%95%E3%83%AC%E3%82%A2%E3%83%BB%E3%82%AF%E3%83%A9%E3%82%A4%E3%83%B4%20218ba867bf444ae6bfe952818e551b96.csv)",アタシ,お前,"リリア (%E4%BA%BA%E9%96%93%E9%96%A2%E4%BF%82/%E3%83%AA%E3%83%AA%E3%82%A2%204efd5e4458974b8994055b5cb6ebde37.csv), セリナ嬢 (%E4%BA%BA%E9%96%93%E9%96%A2%E4%BF%82/%E3%82%BB%E3%83%AA%E3%83%8A%E5%AC%A2%208ced0043245b48ec9209b9c34215cf86.csv), 学園長 (%E4%BA%BA%E9%96%93%E9%96%A2%E4%BF%82/%E5%AD%A6%E5%9C%92%E9%95%B7%20ce6d4aa5fbd54de88c27820d0cf50431.csv)","無題 (https://app.notion.com/p/1fbe137d6102468c8301ae4ab7d9e51e?pvs=21), フレア先輩 (%E4%BA%BA%E9%96%93%E9%96%A2%E4%BF%82/%E3%83%95%E3%83%AC%E3%82%A2%E5%85%88%E8%BC%A9%2091ae11d3b58a494390436eeb7cc9a135.csv), フレア先輩 (%E4%BA%BA%E9%96%93%E9%96%A2%E4%BF%82/%E3%83%95%E3%83%AC%E3%82%A2%E5%85%88%E8%BC%A9%20fb6c4626e2244e0f85046f50cce02d90.csv), フレアちゃん (%E4%BA%BA%E9%96%93%E9%96%A2%E4%BF%82/%E3%83%95%E3%83%AC%E3%82%A2%E3%81%A1%E3%82%83%E3%82%93%20582d39fc35f9489193abb4c6f8dfd432.csv)","乾, 冷, 熱",63,,学園の何でも屋,"「それともアタシのお仲間かな？まぁ、座れよ。歓迎するぜ」
「こういうのはほどほどでいいんだよ。」
「はぁ？アタシら別にお前らの思い通りに動く駒じゃないぜ？」",熱いもの、辛いもの、面白そうなこと、面倒くさくないこと,甘いもの、面倒くさそうなこと、付け上がって調子に乗った態度,父、兄、自分の三人,B,,"純化、精製
スニーキング、探し物
嘘、騙すこと",女,"世渡り上手な自由人。
自ら外れものになることを好み、自分がやりたいと思ったこと以外したがらない。
普段は飄々としており、それでいて冷静だが、気に入らないことがあると、頭に血が上ってしまう。",,フレア・ガルドレア,,,E,"徹底的に純化に特化している。
炉と精製プラントに分かれており、これらを用いて魔力を純化させたり、灼熱を精製したりしている。","無題 (https://app.notion.com/p/b43fb8dafb6a49d2863a56df54d8807c?pvs=21), 無題 (https://app.notion.com/p/3781e8eb39684727b81656ab32bd073f?pvs=21), 無題 (https://app.notion.com/p/a04bcfd0a2bc440fb8fa649752e9cf85?pvs=21), 無題 (https://app.notion.com/p/9ccce6124fc647dc866bba3d2b941536?pvs=21)",E,魔術師学生、何でも屋,"一回ムカついてしまってから冷静になること
複雑なこと",,,,散歩、日向ぼっこ、後輩への冷やかし,165,C,B,