Aは,何て呼んでる？,どう思ってる？
ティリアシール・フリーマン (%E3%83%86%E3%82%A3%E3%83%AA%E3%82%A2%E3%82%B7%E3%83%BC%E3%83%AB%E3%83%BB%E3%83%95%E3%83%AA%E3%83%BC%E3%83%9E%E3%83%B3%20fe29b4a814694d4ba8dfc3e0ad1cfab2.md),リリアちゃん,"かわいい教え子。
自身の後継。
アイテールとの争いにおけるトロフィー。
「とっても目の肥えた優秀な子です。大体理屈じゃなくて直観と感覚で動くので教えるときは実際に体で教えてあげましょう。彼女はきっと、善いことを愛する子になってくれます」"
セリナ・アグラニオケ・スピーゲル (%E3%82%BB%E3%83%AA%E3%83%8A%E3%83%BB%E3%82%A2%E3%82%B0%E3%83%A9%E3%83%8B%E3%82%AA%E3%82%B1%E3%83%BB%E3%82%B9%E3%83%94%E3%83%BC%E3%82%B2%E3%83%AB%20cceee9df12b749c7be0c0896bef376d5.md),リリアーナ,"尊敬。
友愛。
「いつも真っ直ぐで、自分に正直。
そういうところは、正直羨ましいと思います。
ところでリリアーナ、あなた私が1ヵ月前に貸した参考書いつ返すのかしら？」"
フレア・クライヴ (%E3%83%95%E3%83%AC%E3%82%A2%E3%83%BB%E3%82%AF%E3%83%A9%E3%82%A4%E3%83%B4%20218ba867bf444ae6bfe952818e551b96.md),リリア,"友好。
愉悦。
「面白いうわさモリモリの新入りだな。一緒にいると面白そうだし、この馬券は買いだ。」"