Bを,何て呼んでる？,どう思ってる？
リリアーナ・クレール(主人公) (%E3%83%AA%E3%83%AA%E3%82%A2%E3%83%BC%E3%83%8A%E3%83%BB%E3%82%AF%E3%83%AC%E3%83%BC%E3%83%AB(%E4%B8%BB%E4%BA%BA%E5%85%AC)%20ea7ae41fb9f84960bd1b7ef06d755a16.md),リリアーナ,"尊敬。
友愛。
「いつも真っ直ぐで、自分に正直。
そういうところは、正直羨ましいと思います。
ところでリリアーナ、あなた私が1ヵ月前に貸した参考書いつ返すのかしら？」"
ティリアシール・フリーマン (%E3%83%86%E3%82%A3%E3%83%AA%E3%82%A2%E3%82%B7%E3%83%BC%E3%83%AB%E3%83%BB%E3%83%95%E3%83%AA%E3%83%BC%E3%83%9E%E3%83%B3%20fe29b4a814694d4ba8dfc3e0ad1cfab2.md),ティリア先生,"感服。
疑問。
「リリアーナのお師匠様らしいけれど、実際はどこまで本気なのかしら。
ほかにも謎がたくさんあるのよね、あの学園長先生」"
アリス・アグラニオケ・セイファート (%E3%82%A2%E3%83%AA%E3%82%B9%E3%83%BB%E3%82%A2%E3%82%B0%E3%83%A9%E3%83%8B%E3%82%AA%E3%82%B1%E3%83%BB%E3%82%BB%E3%82%A4%E3%83%95%E3%82%A1%E3%83%BC%E3%83%88%200d8f91cc82dc4b86b4d4ec2813790545.md),アリス叔母様,"尊敬。
脅威。
「私の……いえ、アグラニオケの憧れです。叔母様も私と同じ五大制圧者だと聞きました。であれば、努力次第で近づくことだってできるはず。」"
フレア・クライヴ (%E3%83%95%E3%83%AC%E3%82%A2%E3%83%BB%E3%82%AF%E3%83%A9%E3%82%A4%E3%83%B4%20218ba867bf444ae6bfe952818e551b96.md),フレア先輩,"友好。
疑念。
「いろいろと、きな臭い話は聞き及びますが、少なくとも私たちには友好的に接してくださっているのはわかります。一緒にいるのは楽しいですし、この関係が続けばいいですが……」"